期次,偿还本息（元）,偿还本金（元）,偿还利息（元）
1,8.922815536115595,7.814482202782261,1.1083333333333334
2,8.922815536115595,7.85778745832268,1.0650280777929142
3,8.922815536115595,7.901332697154221,1.021482838961374
4,8.922815536115595,7.945119249184284,0.9776962869313106
5,8.922815536115595,7.9891484516901805,0.933667084425414
6,8.922815536115595,8.033421649359964,0.8893938867556308
7,8.922815536115595,8.077940194333502,0.8448753417820924
8,8.922815536115595,8.122705446243765,0.8001100898718292
9,8.922815536115595,8.167718772258368,0.7550967638572263
10,8.922815536115595,8.212981547121302,0.7098339889942924
11,8.922815536115595,8.258495153194932,0.6643203829206623
12,8.922815536115595,8.304260980502223,0.6185545556133718
13,8.922815536115595,8.350280426769173,0.5725351093464219
14,8.922815536115595,8.39655489746752,0.5262606386480737
15,8.922815536115595,8.443085805857653,0.47972973025794197
16,8.922815536115595,8.489874573031782,0.43294096308381214
17,8.922815536115595,8.536922627957333,0.3858929081582616
18,8.922815536115595,8.5842314075206,0.3385841285949951
19,8.922815536115595,8.63180235657061,0.2910131795449846
20,8.922815536115595,8.679636927963273,0.24317860815232173
21,8.922815536115595,8.727736582605738,0.1950789535098565
22,8.922815536115595,8.77610278950101,0.14671274661458433
23,8.922815536115595,8.82473702579283,0.0980785103227646
24,8.922815536115595,8.873640776810767,0.04917475930482773
